{
  "name": "LibPrintf",
  "version": "1.2.13",
  "description": "This library provides support for printf() and other printf-like functions with full format-string support. Default output is to Serial, but can be customized.",
  "keywords": "printf, debugging",
  "repository": {
    "type": "git",
    "url": "https://github.com/embeddedartistry/arduino-printf.git"
  },
  "license": "MIT",
  "headers": "LibPrintf.h",
  "frameworks": "arduino",
  "platforms": "*",
  "export": {
    "include": [
      "examples",
      "src",
      "extras/printf"
    ]
  }
}
