{
    "name": "Otto.diy",
    "description": "Otto DIY library",
    "keywords": "otto, robot",
    "authors": [
        {
            "name": "Paolo Aliverti",
            "email": "zeppelinmakerl.com",
            "url": "http://www.zeppelinmaker.it",
            "maintainer": true
        }
    ],
    "repository": {
        "type": "git",
        "url": "https://github.com/OttoDIY/"
    },
    "version": "1.0.0",
    "homepage": "https://www.ottodiy.com",
    "frameworks": "Arduino",
    "examples": [
        "examples/*/*.pde"
    ]
}
