timestamp;valore1;valore2;valore3
2026-10-01 09:06:18.668;143;591;0
2026-10-01 09:06:19.183;144;592;0
2026-10-01 09:06:19.639;142;591;0
2026-10-01 09:06:20.150;141;591;0
2026-10-01 09:06:20.677;143;591;0
2026-10-01 09:06:21.147;141;592;0
2026-10-01 09:06:21.660;142;591;0
2026-10-01 09:06:22.189;143;591;0
2026-10-01 09:06:22.679;144;592;0
2026-10-01 09:06:23.151;140;593;0
2026-10-01 09:06:23.655;144;592;0
2026-10-01 09:06:24.151;142;590;0
2026-10-01 09:06:24.663;142;591;0
2026-10-01 09:06:25.181;145;592;0
2026-10-01 09:06:25.656;148;591;0
2026-10-01 09:06:26.182;278;592;0
2026-10-01 09:06:26.696;423;592;0
2026-10-01 09:06:27.150;155;592;0
2026-10-01 09:06:27.656;144;592;0
2026-10-01 09:06:28.165;143;592;1
2026-10-01 09:06:28.664;146;592;1
2026-10-01 09:06:29.190;146;591;1
2026-10-01 09:06:29.663;149;592;0
2026-10-01 09:06:30.195;349;592;0
2026-10-01 09:06:30.646;455;611;0
2026-10-01 09:06:31.159;483;607;0
2026-10-01 09:06:31.670;345;587;0
2026-10-01 09:06:32.171;470;603;0
2026-10-01 09:06:32.700;175;609;0
